num sections,num hidden neurons,right,wrong,percent
130,89,25,5,0.8333333333333334
100,69,21,9,0.7
70,49,28,2,0.9333333333333333
40,29,23,7,0.7666666666666667
140,96,26,4,0.8666666666666667
110,76,28,2,0.9333333333333333
80,56,26,4,0.8666666666666667
50,36,27,3,0.9
150,102,25,5,0.8333333333333334
120,82,26,4,0.8666666666666667
90,62,25,5,0.8333333333333334
60,42,23,7,0.7666666666666667
30,22,27,3,0.9
