num sections,num hidden neurons,right,wrong,percent
130,89,10,20,0.3333333333333333
100,69,10,20,0.3333333333333333
70,49,10,20,0.3333333333333333
40,29,10,20,0.3333333333333333
140,96,12,18,0.4
110,76,10,20,0.3333333333333333
80,56,10,20,0.3333333333333333
50,36,8,22,0.26666666666666666
150,102,10,20,0.3333333333333333
120,82,10,20,0.3333333333333333
90,62,12,18,0.4
60,42,7,23,0.23333333333333334
30,22,11,19,0.36666666666666664
