num sections,num hidden neurons,right,wrong,percent
130,89,26,4,0.8666666666666667
100,69,27,3,0.9
70,49,27,3,0.9
40,29,28,2,0.9333333333333333
140,96,29,1,0.9666666666666667
110,76,26,4,0.8666666666666667
80,56,22,8,0.7333333333333333
50,36,28,2,0.9333333333333333
150,102,26,4,0.8666666666666667
120,82,29,1,0.9666666666666667
90,62,27,3,0.9
60,42,26,4,0.8666666666666667
30,22,25,5,0.8333333333333334
