num sections,num hidden neurons,right,wrong,percent
130,89,17,13,0.5666666666666667
100,69,16,14,0.5333333333333333
70,49,15,15,0.5
40,29,17,13,0.5666666666666667
140,96,18,12,0.6
110,76,15,15,0.5
80,56,18,12,0.6
50,36,15,15,0.5
150,102,18,12,0.6
120,82,13,17,0.43333333333333335
90,62,15,15,0.5
60,42,14,16,0.4666666666666667
30,22,18,12,0.6
