num sections,num hidden neurons,right,wrong,percent
130,89,22,8,0.7333333333333333
100,69,21,9,0.7
70,49,15,15,0.5
40,29,21,9,0.7
140,96,21,9,0.7
110,76,22,8,0.7333333333333333
80,56,20,10,0.6666666666666666
50,36,19,11,0.6333333333333333
150,102,20,10,0.6666666666666666
120,82,21,9,0.7
90,62,20,10,0.6666666666666666
60,42,20,10,0.6666666666666666
30,22,20,10,0.6666666666666666
