num sections,num hidden neurons,right,wrong,percent
130,89,23,7,0.7666666666666667
100,69,21,9,0.7
70,49,19,11,0.6333333333333333
40,29,19,11,0.6333333333333333
140,96,23,7,0.7666666666666667
110,76,20,10,0.6666666666666666
80,56,20,10,0.6666666666666666
50,36,20,10,0.6666666666666666
150,102,18,12,0.6
120,82,22,8,0.7333333333333333
90,62,20,10,0.6666666666666666
60,42,21,9,0.7
30,22,19,11,0.6333333333333333
