num sections,num hidden neurons,right,wrong,percent
130,89,24,6,0.8
100,69,30,0,1.0
70,49,26,4,0.8666666666666667
40,29,23,7,0.7666666666666667
140,96,24,6,0.8
110,76,25,5,0.8333333333333334
80,56,27,3,0.9
50,36,27,3,0.9
150,102,24,6,0.8
120,82,22,8,0.7333333333333333
90,62,24,6,0.8
60,42,24,6,0.8
30,22,20,10,0.6666666666666666
