num sections,num hidden neurons,right,wrong,percent
130,89,15,15,0.5
100,69,16,14,0.5333333333333333
70,49,13,17,0.43333333333333335
40,29,13,17,0.43333333333333335
140,96,20,10,0.6666666666666666
110,76,17,13,0.5666666666666667
80,56,14,16,0.4666666666666667
50,36,16,14,0.5333333333333333
150,102,14,16,0.4666666666666667
120,82,16,14,0.5333333333333333
90,62,16,14,0.5333333333333333
60,42,14,16,0.4666666666666667
30,22,15,15,0.5
