num sections,num hidden neurons,right,wrong,percent
130,89,26,4,0.8666666666666667
100,69,25,5,0.8333333333333334
70,49,22,8,0.7333333333333333
40,29,20,10,0.6666666666666666
140,96,24,6,0.8
110,76,24,6,0.8
80,56,24,6,0.8
50,36,20,10,0.6666666666666666
150,102,23,7,0.7666666666666667
120,82,26,4,0.8666666666666667
90,62,23,7,0.7666666666666667
60,42,20,10,0.6666666666666666
30,22,15,15,0.5
