num sections,num hidden neurons,right,wrong,percent
130,89,19,11,0.6333333333333333
100,69,19,11,0.6333333333333333
70,49,18,12,0.6
40,29,18,12,0.6
140,96,17,13,0.5666666666666667
110,76,15,15,0.5
80,56,17,13,0.5666666666666667
50,36,18,12,0.6
150,102,19,11,0.6333333333333333
120,82,18,12,0.6
90,62,18,12,0.6
60,42,18,12,0.6
30,22,20,10,0.6666666666666666
