num sections,num hidden neurons,right,wrong,percent
130,89,20,10,0.6666666666666666
100,69,19,11,0.6333333333333333
70,49,18,12,0.6
40,29,19,11,0.6333333333333333
140,96,17,13,0.5666666666666667
110,76,17,13,0.5666666666666667
80,56,19,11,0.6333333333333333
50,36,19,11,0.6333333333333333
150,102,20,10,0.6666666666666666
120,82,18,12,0.6
90,62,17,13,0.5666666666666667
60,42,16,14,0.5333333333333333
30,22,20,10,0.6666666666666666
