num sections,num hidden neurons,right,wrong,percent
10,9,14,16,0.4666666666666667
20,16,13,17,0.43333333333333335
