num sections,num hidden neurons,right,wrong,percent
10,9,16,14,0.5333333333333333
20,16,17,13,0.5666666666666667
