num sections,num hidden neurons,right,wrong,percent
10,9,10,20,0.3333333333333333
20,16,11,19,0.36666666666666664
