num sections,num hidden neurons,right,wrong,percent
10,9,13,17,0.43333333333333335
20,16,20,10,0.6666666666666666
