num sections,num hidden neurons,right,wrong,percent
10,9,19,11,0.6333333333333333
20,16,19,11,0.6333333333333333
