num sections,num hidden neurons,right,wrong,percent
10,9,14,16,0.4666666666666667
20,16,22,8,0.7333333333333333
