num sections,num hidden neurons,right,wrong,percent
10,9,11,19,0.36666666666666664
20,16,10,20,0.3333333333333333
