num sections,num hidden neurons,right,wrong,percent
10,9,17,13,0.5666666666666667
20,16,20,10,0.6666666666666666
