num sections,num hidden neurons,right,wrong,percent
10,9,11,19,0.36666666666666664
20,16,13,17,0.43333333333333335
