num sections,num hidden neurons,right,wrong,percent
10,9,17,13,0.5666666666666667
20,16,22,8,0.7333333333333333
